{
    "Barra": {"local": [-13.010249, -38.532239], "id_grafo": 0},
    "Pirajá": {"local": [-12.897911, -38.460675], "id_grafo": 1},
    "CAB": {"local": [-12.946825, -38.433177], "id_grafo": 2},
    "Liberdade": {"local": [-12.949713, -38.495420], "id_grafo": 3},
    "Barbalho": {"local": [-12.963536, -38.500784], "id_grafo": 4},
    "Centro": {"local": [-12.985236, -38.501926], "id_grafo": 5},
    "Graça": {"local": [-12.998466, -38.521473], "id_grafo": 6},
    "Imbuí": {"local": [-12.970441, -38.435245], "id_grafo": 7},
    "Pernambués": {"local": [-12.9735, -38.4684], "id_grafo": 8},
    "Patamares": {"local": [-12.952295, -38.404354], "id_grafo": 9},
    "São Cristóvão": {"local": [-12.911661, -38.354020], "id_grafo": 10},
    "Pelourinho": {"local": [-12.971452, -38.510785], "id_grafo": 11},
    "Ondina": {"local": [-13.006646, -38.509368], "id_grafo": 12},
    "Itapuã": {"local": [-12.937259, -38.359962], "id_grafo": 13},
    "Pituba": {"local": [-13.002745, -38.45879], "id_grafo": 14},
    "Rio Vermelho": {"local": [-13.009455, -38.489772], "id_grafo": 15},
    "Caminho das Árvores": {"local": [-12.981745, -38.455479], "id_grafo": 16},
    "Federação": {"local": [-13.000529, -38.509286], "id_grafo": 17},
    "Brotas": {"local": [-12.981728, -38.478233], "id_grafo": 18},
    "Stiep": {"local": [-12.981061, -38.445276], "id_grafo": 19},
    "Cajazeiras": {"local": [-12.897974, -38.408924], "id_grafo": 20},
    "Bonfim": {"local": [-12.925631, -38.508293], "id_grafo": 21},
    "São Caetano": {"local": [-12.931283, -38.474042], "id_grafo": 22},
    "Ribeira": {"local": [-12.920075, -38.499503], "id_grafo": 23},
    "UNEB - Cabula": {"local": [-12.958299, -38.448005], "id_grafo": 24}
}